evolution$generation,cost_bridge1,cost_bridge2,cost_bridge3,cost_bridge4,proba_recover,proba_infection,infection_distance,max_infection_ratio,max_size,evolution$samples
33033,64.39490440502175,52.83437343958949,42.79998797493752,62.31788175845202,0.02969729706056655,0.526537459882371,86.46744311896467,0.853,3.0,22
33033,72.15262794299028,92.65419907549186,97.38185340849039,1.0,0.01,0.4476210202485441,8.3189635524731,0.624,144.0,1
33033,78.20270864798754,77.74462532081985,39.30264220494368,1.0,0.01,0.2168434948098075,11.92210299446622,0.608,143.0,1
33033,95.53304583543249,98.78338734538322,85.5113792556074,1.0,0.01,0.01790710132946336,29.10117387635098,0.476,192.0,2
33033,93.05968249610414,98.7937421481178,85.06037570035876,44.690935501466384,0.01,0.014660029349308133,30.841154884387922,0.448,163.0,1
33033,12.11104481766554,9.619494475070024,48.14932245767826,56.775589355717365,0.49056628754933057,0.40697605695253963,69.97798350029763,0.312,0.0,68
33033,26.16970859644821,88.19550277445393,100.0,63.24018499449874,0.012133598743930668,0.01,38.59826379328424,0.278,44.0,1
33033,97.88954045781072,99.85299961080062,61.34038964409426,67.9812891382613,0.01,0.08738362619762219,18.720535313202326,0.58,138.0,9
33033,59.719906786384215,1.0,95.48889825249996,94.62521678524165,0.01,0.01,23.84192993613223,0.274,98.0,1
33033,91.98867164496592,71.82936936481032,74.90360734542422,42.77196535873556,0.01,0.16922185104224352,19.591108934199553,0.6,106.0,7
33033,36.70950694021748,3.9759134450897844,94.84783450640056,100.0,0.01,0.01,15.771738369037761,0.20400000000000001,90.5,4
33033,100.0,100.0,100.0,63.321595786600994,0.010658759717529357,0.8831639564116823,9.708087499056889,0.76,123.0,1
33033,54.04410289300353,22.27886920822956,79.48865250226346,61.99126855996542,0.01,0.01,51.07781000260014,0.278,33.5,60
33033,91.60790110206803,16.190498261321714,11.327818969128828,44.85000681057149,0.4681127478865881,0.7986853016632559,82.99534910619032,0.474,0.0,77
33033,89.81875441486385,94.9961269781099,90.00169725355515,74.05967247817486,0.01,0.41457138398717086,32.85164703646674,0.682,47.0,1
33033,94.59293419849791,21.05131646094545,76.73027599481696,44.65757974035528,0.2347628771667388,0.535202694246331,69.16980428932645,0.526,0.0,70
33033,1.0,72.93910162811433,68.5566552372373,67.82671181162387,0.01,0.24145838416052046,46.11277510520249,0.436,13.0,1
33033,53.104994490855624,58.43400981955038,59.1467438483806,63.52416179100804,0.01,0.9806587004334286,29.459577778165517,0.51,44.0,49
33033,100.0,57.92092643856545,83.43517064549326,1.0,0.010880728917769828,0.3595821819200226,10.507543177488815,0.714,150.0,1
33033,70.05145183258763,29.945617789128796,76.66811496236005,12.044402123815868,0.01,0.07059606696823818,22.742868439512947,0.53,78.0,21
33033,83.71664376483034,91.20738889052045,59.223876709967016,29.96229279880496,0.01,0.3660536297627906,28.089210885592422,0.57,69.0,37
33033,100.0,55.01468736939942,55.744689360320876,100.0,0.01,0.014982329187360952,47.01703390782895,0.308,42.5,32
33033,85.1798111197248,95.94752668696496,65.61753134770437,6.699044359774879,0.01,0.03292688540263521,19.864848502276182,0.42500000000000004,128.0,6
33033,100.0,65.48795849328303,100.0,3.0318236121799087,0.01,0.8686215809043283,59.59657327565063,0.79,35.0,22
33033,46.424823345634984,72.13347265022894,54.24153741391567,68.80879709138753,0.010088954465798125,0.013839741744325083,33.9903030194293,0.326,50.0,1
33033,76.26970760804807,85.00266151097826,48.80054100555477,37.61751856985793,0.01,0.4803599800690473,9.687110179769869,0.682,158.0,1
33033,87.9229162269519,71.56437422887163,1.0055061392377582,40.901163738461264,0.02395940022719177,0.01,51.65565999938024,0.142,28.0,25
33033,100.0,1.0,39.2365996282782,100.0,0.010035035910961086,0.19962427834388166,60.3186346025411,0.692,10.0,1
33033,95.08658471514677,100.0,87.87558944690846,4.047407111837165,0.01,0.013138709759146536,12.646668764655484,0.586,226.0,3
33033,66.99669084659777,68.97085773931606,70.43281933631798,1.080837239682885,0.01,0.8180140633244135,7.257273570492869,0.662,153.0,3
33033,26.33550428809057,62.486164322845816,86.57570178885135,45.11126415776149,0.01,0.1310662147638654,47.469802506769945,0.494,29.0,56
33033,82.16960815554256,85.40798723247735,94.74658875590345,12.592305852681237,0.01,0.759087967275317,100.0,0.906,20.0,1
33033,77.75475493954261,97.5196383795243,76.78778206306929,81.7848719567198,0.01,0.4051355818494025,12.032086410347716,0.648,114.0,1
33033,1.0,23.469985299221044,73.76125036206203,57.005231503614645,0.01,0.5756354851670015,100.0,0.928,11.0,21
33033,100.0,66.36741264504123,81.23841095471997,1.0,0.01,0.7252091931669247,11.35550041613193,0.676,117.0,4
33033,88.7623589233289,99.99999999999999,100.0,100.0,0.01,0.01,23.39644375061665,0.032,10.0,1
33033,78.37723303725642,79.04239248885627,80.53408382859268,57.806509520916535,0.01,0.2797738793300707,15.429768657242937,0.768,136.0,1
33033,96.33274242050263,100.0,100.0,1.0,0.01014770272893491,0.01,18.334734092354587,0.618,219.0,1
33033,74.34752674895256,69.51362061924453,73.03208528423524,1.0,0.01,1.0,3.494958551586395,0.645,180.5,6
33033,100.0,78.80120190574148,100.0,22.843577459261837,0.01719220422385974,0.01,32.37600173220942,0.235,105.0,10
33033,98.52329700545752,100.0,100.0,39.502566115141455,0.01,0.6153348852494146,5.866684238812855,0.624,182.0,1
33033,88.77233607970338,80.19640643222577,1.0,99.5812823081568,0.01,0.01,37.72599889110311,0.354,91.0,63
33033,82.09097828335733,99.9536851250368,100.0,1.0,0.01,0.035806361294408014,26.46717168532025,0.496,160.0,1
33033,83.02503689168414,100.0,19.188174123228546,16.288170587840845,0.01,0.01,26.82673125020214,0.45,130.0,33
33033,55.710100976092896,58.42947749193223,1.1366362908565875,60.35129884797837,0.01,0.4051522902349675,23.6302580478993,0.646,55.0,44
33033,100.0,94.35114800459021,69.95225381054361,41.771155928759846,0.01,0.747243487966152,17.26834807860303,0.586,82.0,1
33033,33.99206190620378,65.30072932837331,78.14738628467545,90.37409796814536,0.01,0.02873944380766652,49.99305933803618,0.37,27.0,43
33033,93.76399062408215,85.4903612215812,85.05575768076126,38.29613304963353,0.01,0.02946879426745784,22.37860510374414,0.438,151.0,19
33033,77.13826461336627,100.0,71.77532672778987,75.07756130127416,0.01,1.0,20.4517401888702,0.75,105.0,1
33033,60.91307586505706,69.88168498900545,52.846439827417896,83.9697923956772,0.01006168315968244,0.12676501975756838,28.012747920516023,0.482,62.0,1
33033,93.49158449890105,73.13236649350462,96.28976120896561,3.3187426637608484,0.01,0.05321377677549217,24.406308756606915,0.5,113.0,3
33033,78.60278228470095,73.31394183766363,39.74295974930256,10.765501883447602,0.01,0.07740799941549918,100.0,0.784,24.0,3
33033,85.42456336169063,65.52762544092813,100.0,81.61878179222104,0.01,0.057297605162965476,20.185296084304312,0.514,116.0,23
33033,100.0,84.89976811311487,86.73522029667318,1.0,0.011822328060581751,0.4597995794669992,53.17320385715187,0.702,23.0,1
33033,77.91532908702253,36.79724476937153,92.71899512969162,37.48380368730097,0.01,0.2155704256071594,26.503563127884327,0.554,45.5,32
33033,72.00851083340021,73.02214356238525,33.82369251358848,68.78587275188399,0.010093864558257016,0.043870890249167606,17.91175091913161,0.516,195.0,2
33033,92.664398165598,84.67665266551428,64.8201171980687,76.29741056007997,0.01,0.01,23.67916354097506,0.463,121.5,2
33033,100.0,95.2144356321494,71.77931886724299,1.0,0.01,0.01,30.68308571921374,0.476,178.0,1
33033,73.21060443671152,58.78098239643283,42.80873798899601,49.07131240233633,0.01,0.01,25.983018852009636,0.434,165.0,27
33033,90.64031352678855,76.16631170723338,44.951919583048785,73.0092303795236,0.01,0.2267790553056907,17.54700370169675,0.692,141.0,1
33033,100.0,77.48120905619325,1.0,51.328600168658056,0.01,0.773612886467033,42.52093854251348,0.632,35.0,1
33033,100.0,81.37563200888835,21.924919885763448,62.363317726989024,0.01,0.01,26.2312798975918,0.395,144.0,14
33033,100.0,77.46855317508737,94.78247506284876,80.51144072732883,0.01,0.01,23.53508186193253,0.28,126.0,5
33033,94.77429179551213,95.61960734793415,77.0906628137845,91.18954843748541,0.01,0.01,14.364595000480803,0.428,183.0,1
33033,100.0,53.35166802087887,86.15982751116636,1.0,0.01,0.697460871692783,100.0,0.882,34.0,3
33033,74.85968428090682,96.86803060248126,84.41209095734197,9.90465730766711,0.01,0.1441848044394433,64.70228181392632,0.768,33.0,1
33033,93.07280008318165,78.08817997899057,100.0,27.061611457813804,0.01,0.01,36.91849567991524,0.348,108.0,49
33033,87.33114076722075,62.00390953882419,100.0,3.860217168340312,0.01,1.0,100.0,0.837,42.5,8
33033,69.15022625487597,100.0,84.5959666528301,16.851041539535167,0.01,0.01,51.82504819234632,0.276,64.0,60
33033,91.49040098573383,54.17136602689461,60.19946821577272,52.62356106029274,0.01,0.01,40.15493757137257,0.466,109.0,1
33033,21.05996083628618,41.77220030670462,93.39314460523266,52.97849353843674,0.21449391621762992,0.4124881956418471,44.216456285989445,0.227,0.0,60
33033,95.45189632154474,18.89614764200128,97.27116010813741,15.784482290267912,0.01,0.01,46.49373328314053,0.336,49.0,59
33033,70.92405903888195,85.20069032205974,65.54506406624664,55.452558737096155,0.01,0.15811407200031793,43.533670187522986,0.356,30.0,1
33033,57.328552784798056,90.6869730701984,52.176515363531315,73.51171194916411,0.01,0.8615291751993979,47.03115571914522,0.586,29.0,41
33033,95.89699772334568,85.98253316516677,74.87786795105859,100.0,0.01276944157750208,0.01,38.1020388787038,0.302,80.0,38
33033,91.57129707844935,94.51167204973922,99.82742868879794,1.0,0.01,0.01,40.78229921863199,0.566,232.0,1
33033,81.77999614612278,69.34848768655272,77.77825328101008,27.997363361876783,0.013427854927598957,0.01,42.19473009164335,0.282,61.0,1
33033,78.72106606210379,100.0,88.79815554428119,33.11138408848436,0.01,0.12702184986010734,16.14594843516341,0.516,127.0,1
33033,100.0,43.72506009357762,36.62202012911734,99.0247049267735,0.02265302428083573,0.012667113230753063,49.21626699046647,0.21,27.5,2
33033,80.74141665341662,84.97632171254205,100.0,1.0,0.01,0.8313884534611301,100.0,0.85,50.0,13
33033,69.29786418539743,81.43457936664586,37.99116709639155,47.85821255901447,0.01,0.25554329671180526,16.227999412134867,0.57,82.0,1
33033,1.0,100.0,100.0,100.0,0.01,0.01,18.242760781141623,0.226,85.5,8
33033,73.37218094259255,5.6123107749255405,78.80850781626742,13.734899795630659,0.01,0.01,29.492720418251555,0.376,37.0,1
33033,71.08758077660954,65.85767264975226,83.0926402304954,77.70100693959364,0.01,0.19369224093871404,23.521000304910878,0.5700000000000001,49.5,2
33033,100.0,100.0,81.2187657056132,77.8627090685223,0.01,0.029504428367020843,33.33191977304516,0.486,123.0,1
33033,40.645977693653194,52.005457557241684,79.56706947590031,31.28376777091649,0.01,0.01,35.666689819478755,0.375,80.0,32
33033,90.92949602134716,42.664815493454945,88.85747238011784,29.892109305854568,0.018839190655888502,0.011068941112551085,54.544820338251796,0.194,26.0,1
33033,100.0,97.02655667422268,100.0,77.73564168714569,0.01,0.01,28.203382668325606,0.357,114.5,16
33033,76.835130045759,64.16137903610041,80.04751459856067,1.5568502055948548,0.01,0.05451815373685381,27.720821393405384,0.59,142.0,1
33033,41.63087340311624,52.816670528997385,51.187924431069334,39.02189294558326,0.01,0.6960480519575581,15.450105895257284,0.788,105.0,1
33033,100.0,99.95056502027248,59.10009121184146,73.20455509975338,0.01,1.0,13.882483527533465,0.578,70.0,1
33033,75.28356085608536,88.60643491061424,100.0,1.0,0.01,0.01,18.629176659148207,0.456,184.0,9
33033,1.0,1.0,85.19469302236415,50.8482747299572,0.01,0.01,30.02522819642491,0.406,59.0,1
33033,100.0,100.0,25.547161362361873,72.12376634359475,0.01,1.0,21.252216277406127,0.721,88.5,8
33033,76.1641922049282,55.49630379055243,80.54550169636944,18.979941649894087,0.01,1.0,22.356465529506774,0.77,86.0,2
33033,77.39653962841722,82.18015411569206,92.60681841553541,39.29966689274825,0.01,0.3116588400737492,56.82329266726216,0.722,42.0,3
33033,62.15095855524143,63.11197742998387,100.0,100.0,0.01,0.9343951867628285,5.644563461932476,0.58,128.0,7
33033,73.4385689328526,84.10529290272055,88.97432346241169,69.12330678416308,0.01,0.410390908082522,17.419552636717142,0.722,196.0,1
33033,54.884169811022105,84.36830294197078,3.7464299072373453,73.41624099285903,0.01,0.11457264381240591,37.754859892485555,0.406,46.0,48
33033,93.07765084655865,51.33328393344735,98.09547733189792,100.0,0.01794562237539856,0.01,39.49002230376397,0.052,11.0,1
33033,75.18248423321322,77.58287951782114,99.56368296282564,1.0,0.01,0.01,25.971643296143526,0.384,159.0,17
33033,96.22806751546587,100.0,56.35511033489672,68.34365521162668,0.01,0.01,30.521453459349612,0.351,133.0,44
33033,100.0,91.45684510197682,68.6162419903267,100.0,0.012129204591917282,0.01,30.350333961893995,0.303,107.5,12
33033,93.9868354554518,91.84251616964201,76.69929434210334,22.630067787588537,0.01,0.031603313218003894,17.154680297604017,0.5,189.5,18
33033,49.84864357406198,87.57044805748838,50.09547969815265,1.8755079354547255,0.26174263276301246,0.634101522425245,94.2577517418804,0.614,0.0,58
33033,100.0,81.50589895052154,37.642028672564145,92.64280659552371,0.01,0.20340733400284916,9.641698427902886,0.612,168.0,13
33033,100.0,86.12966172881707,74.53907996335468,38.14539081983747,0.01,0.45931010798914546,22.357509550044913,0.686,66.0,1
33033,90.85661848246696,96.48865006735889,92.25110447208701,76.15154713258516,0.01,0.01,19.75308661260206,0.318,156.0,2
33033,64.39490440502178,52.83437343958949,42.79998797493752,62.31788175845202,0.02969729706056655,0.5265374598823711,86.46744311896467,0.87,3.0,26
33033,71.67039707392404,74.20544691039557,61.93786196050418,37.60469026416658,0.01,0.5711900024504513,12.71549678414142,0.63,115.0,17
33033,74.59265678160403,71.7452651210956,85.83056048140452,28.879684668381827,0.01,0.01,67.48132986069082,0.288,58.0,1
33033,88.68790233372093,42.584539689375625,17.63023809249181,28.853427957868167,0.01,0.01459474417862267,32.826906752195335,0.426,82.0,51
33033,81.3423775285022,86.02001925239828,97.91490271688798,98.89705780569024,0.01,0.6486722281467246,43.14979170514887,0.53,33.0,51
33033,79.91158849080985,79.3140679583022,100.0,21.397849607343712,0.01,0.4865887541431094,99.93692743618747,0.872,40.0,3
33033,92.77287992552444,33.88019500031051,72.18092824956797,100.0,0.013738034729953849,0.01,47.45322755543647,0.238,38.0,43
33033,100.0,86.03849265160959,54.72270577691703,76.87594931213336,0.010003733570191135,0.01924973540076285,44.82411813701801,0.318,36.0,1
33033,89.14898469921299,93.0717828725024,98.45911434579337,9.184200602402665,0.016308676203912895,0.01,43.776483649505586,0.256,78.0,31
33033,64.62206159638183,100.0,76.13224181120938,1.0,0.01,0.3439678084430025,8.763220151692286,0.6,159.0,3
33033,48.24646893803182,78.13592379215072,71.68882236963724,38.55344839289613,0.01,0.2880661580168069,47.71360136968335,0.562,34.0,1
33033,100.0,78.49041719907257,95.52045784788793,36.853964848275425,0.01,0.01,23.882406091822883,0.518,181.0,1
33033,1.0,58.91004218724487,62.33147272115,100.0,0.01,1.0,70.33930871776717,0.892,8.0,7
33033,85.79839353696818,71.04677551497211,100.0,1.0,0.01,1.0,89.38472524858574,0.864,53.0,1
33033,73.19217197333154,99.81933796934975,48.35397069390115,33.6886282568663,0.01,1.0,52.12817880611623,0.778,53.0,1
33033,84.10089969453281,76.78471834931374,1.1622511830898388,74.22517800182405,0.01,0.13930550317919652,16.809786688934224,0.724,185.0,1
33033,93.87991841271565,100.0,1.0,91.5601782389135,0.01,0.05796318332180134,37.770776475288585,0.162,10.0,1
33033,77.19185947925351,100.0,78.84071656119784,37.97796958575085,0.01,0.18250028054157263,24.78365582094365,0.625,106.0,6
33033,100.0,100.0,52.339598983670435,100.0,0.01,0.4770187668384993,26.89843825239977,0.48,36.0,7
33033,99.71832904757052,89.15405173705736,100.0,96.61258186023193,0.01,0.01,29.161998851402874,0.442,211.0,1
33033,50.76939180849012,79.7989567953625,67.11209930579342,94.43786053380047,0.01,0.9922037093960631,80.27486823363813,0.832,31.0,21
33033,15.01483252267534,14.364118926180653,28.207083721569987,57.49691795574908,0.01,0.15800993110826936,37.68071226236658,0.411,12.0,34
33033,100.0,78.56528653014719,100.0,9.723748968105662,0.01,0.01,30.279791507678087,0.404,164.0,1
33033,74.12225463208863,59.67930654532676,71.64180458518224,1.0,0.01,0.5166445983499652,6.557587621067042,0.668,186.0,1
33033,97.97797043064442,100.0,24.41756251342811,100.0,0.01899169632432098,0.01,33.57826075088418,0.145,50.5,4
33033,100.0,72.63713429967247,99.9930139906821,1.0,0.020999106463496224,0.01,51.377411602070175,0.132,53.0,1
33033,100.0,49.20182867107519,67.8213325204179,6.891404670351752,0.01,0.14011585714854055,30.930937850819443,0.494,76.0,5
33033,95.13441493277523,67.50760034242714,50.93919682787959,100.0,0.01,0.20860000324195924,26.62894466478306,0.656,71.0,1
33033,100.0,81.25531842084324,9.152943002722543,76.89699542806964,0.01016240503575217,0.2152634666298818,9.950242517577989,0.651,142.0,2
33033,32.44073892786528,68.5377487657851,67.22792962467742,62.55881478346583,0.27705108453599525,0.7461161639239038,82.78169851851902,0.592,0.0,61
33033,96.82489365165605,65.16241329003171,47.851567769554116,88.23268537411401,0.010642373399591766,0.01381981402855993,42.5362373797479,0.248,62.0,1
33033,1.0,38.38132753337796,55.26188148258311,100.0,0.01,0.7953340051915635,25.994243971152294,0.626,19.0,1
33033,55.10894969866221,90.68570662721028,44.039594502408136,32.91582822561193,0.01,0.05832475735196638,56.13580246627414,0.558,20.0,1
33033,99.61608406688308,92.22772883392524,52.76053247850541,63.539051569942124,0.01000086127267694,0.12646239283401917,21.94613561724626,0.547,84.0,4
33033,40.75617369747484,36.342907065563935,72.14057134675797,17.058543782402335,0.01,1.0,7.46662603816732,0.692,116.5,2
33033,84.72537093180439,96.90571711207555,72.16873952991129,95.81773352322121,0.010222978730327119,0.5011860506781102,73.88161903275123,0.832,27.0,23
33033,73.08427181964016,36.970732892228355,28.66485505389073,12.745087308360562,0.013280385456707157,0.01,37.907647829463926,0.314,71.0,40
33033,29.07445270489236,92.8699487515891,100.0,68.16629991506672,0.010108938909645659,1.0,100.0,0.986,7.0,1
33033,100.0,36.66152355807005,78.60530820443597,100.0,0.013877736850262563,0.01,47.492891184632875,0.236,47.0,1
33033,88.32184939540684,65.2431746309773,81.3853373960895,37.08155248055619,0.023116604273023138,0.01,59.753853011258435,0.118,12.0,1
33033,100.0,30.49596431540148,75.97605648823904,37.65148453897909,0.01,0.01,80.3528249751253,0.504,18.0,21
33033,1.0,42.664391364277705,100.0,36.75164342240194,0.011500140480235064,0.01,43.46900798356762,0.3,22.0,9
33033,1.0,32.43774990505587,91.88178183743123,19.939990379016415,0.01,0.01,41.36280789677094,0.346,17.0,3
33033,100.0,80.43686371381025,100.0,86.0932495467698,0.010123316291287631,0.01,17.73831764773415,0.308,143.0,3
33033,69.96089222257159,79.3360793848906,6.299235179991234,98.88267169528234,0.01,0.010821909902287095,14.221134494090732,0.394,190.0,1
33033,21.148479740533794,81.1028876006075,100.0,58.34970490935173,0.01,0.9979251621214018,100.0,0.948,8.0,11
33033,1.0,49.008956567781475,100.0,1.0,0.01,0.01,83.76082182627755,0.552,13.0,17
33033,94.64237021846671,82.49048017507602,87.5533116718016,77.20730285179845,0.01,0.2811978358998415,84.52116952966546,0.815,33.5,40
33033,100.0,100.0,100.0,92.693098093447,0.01,0.01,21.02871427637733,0.484,202.5,4
33033,96.63315989789413,86.80583684396765,98.78717893854262,1.0,0.010197600536006816,0.01,14.308226427796354,0.58,270.0,1
33033,100.0,100.0,94.74380383656299,43.036685961154426,0.01,1.0,7.285010205174596,0.586,135.0,1
33033,100.0,96.88959289334667,43.100033807405026,94.95197769883461,0.01,0.010447026732948634,21.772419559680248,0.5,231.0,1
33033,100.0,40.0259131652851,100.0,1.0,0.01,0.01,18.757390067840287,0.594,284.0,1
33033,55.151531272735966,81.40004069900098,58.06603445898322,37.166981456284546,0.3720688626878454,0.34351469455341505,86.53022877342693,0.45,0.0,67
33033,100.0,81.87712974857996,1.0,98.74758664833037,0.01,0.01,29.237279803410754,0.328,122.5,36
33033,100.0,100.0,83.59848793439699,36.574243384107334,0.010028481177859904,0.9887492058520343,74.41977690279275,0.806,66.5,2
33033,27.10362746786238,18.471125125916334,11.475542638611905,14.317779728200788,0.7709715954691234,0.8160033430521867,32.83155447343411,0.048,0.0,100
33033,95.85526380317168,87.69796899647112,97.72850331860542,1.0,0.010450885140308543,0.01,22.642975252194386,0.5229999999999999,190.0,2
33033,23.279940190102398,59.199270685493296,14.270850121073666,30.28882152343261,0.1484235932688597,0.6960346301376463,74.63323462576042,0.654,0.0,45
33033,85.86631311886151,100.0,23.775537943552752,100.0,0.01,0.07680046720722349,23.634504130631036,0.522,96.0,1
33033,89.65177456025786,87.27951665107598,47.32397372656024,12.220200249831612,0.01,0.19379700564344804,51.68357074791991,0.664,23.0,3
33033,99.36596624859847,100.0,96.34111654768255,75.49837446597607,0.01,0.32706116459997125,17.4384636844574,0.658,100.0,5
33033,95.6006800420004,100.0,88.13760085800575,1.0,0.01,0.05045036218046892,21.68907805803285,0.43,94.0,1
33033,100.0,76.1519562390566,64.52634452689304,84.76246712100831,0.01,0.7369504761740836,100.0,0.866,33.0,19
33033,100.0,100.0,100.0,1.0,0.01,0.01,25.66490732545339,0.546,222.0,1
33033,97.24065223673318,100.0,72.73383256553582,21.775859576131907,0.01,0.07149995035519356,19.362175035717275,0.522,107.0,1
33033,100.0,95.81346616143118,100.0,68.74996695648848,0.010045912331583189,0.2945054977725354,22.247477029531336,0.525,88.0,2
33033,59.732394966260934,70.69418633474919,80.48646651258008,88.99073037330763,0.01,0.0413041173871261,24.333409669475977,0.508,92.0,35
33033,89.71981185719146,91.79402386709054,68.01807448600451,1.0,0.01,0.01,19.37839425955358,0.424,177.0,1
33033,69.4009180534655,100.0,99.98052849064051,88.63797131791755,0.010064819183633028,0.013529035205958403,21.75280828265179,0.546,161.0,1
33033,77.31893028095868,73.93794383985124,67.81644831160541,100.0,0.01,0.07022378588538915,12.266641493729368,0.534,183.0,1
33033,100.0,64.57595490043234,5.53885087047111,58.82477389174511,0.026084611850208196,0.01,47.21156809767567,0.12,55.0,1
33033,86.8624276261982,90.29167055163936,96.09708151560245,72.87708701932242,0.010594356761639513,1.0,13.059539307765371,0.84,148.0,1
33033,99.9111567942184,88.82601614138046,91.77127175065266,1.0,0.010035705925240876,1.0,68.55069070485739,0.898,20.0,1
33033,100.0,95.04460613153702,95.06028565718813,49.23386951975203,0.01,0.01,22.18716221739081,0.533,235.5,2
33033,33.6157307129991,28.08243732171945,75.57707187389629,19.80244895168299,0.01,0.01,51.65241892446907,0.258,45.0,39
33033,72.50153129220837,55.51140760127653,84.66520320775335,55.399954058225035,0.015242250833027226,0.14795144849710265,40.65007030951497,0.4,30.0,1
33033,13.25972472572843,72.51397354710885,32.86170747133638,60.35013091015148,0.06550498139621326,0.07631953247605691,57.51991966592525,0.284,2.0,64
33033,75.80253024913323,100.0,62.10897203000042,44.472485216710886,0.01,0.05634729773173875,24.991797323476987,0.552,157.0,1
33033,91.4819845517616,95.3669963486767,100.0,76.24740683393271,0.01000142518886468,0.01,27.21635147725575,0.53,168.5,6
33033,12.725810184184304,93.24309226058182,96.5659838872067,68.91915329337137,0.16492483409569755,0.972034284619884,58.83853902922722,0.566,0.0,57
33033,100.0,100.0,100.0,1.0,0.010072832289648908,0.01,24.367979914237303,0.366,156.0,33
33033,13.642897879417614,29.27803462613617,82.98654102650212,29.138525100338143,0.06254131336410386,0.6929578591849468,70.91443792356739,0.748,0.0,63
33033,84.79780554189755,89.09367738193181,68.53815686264971,53.72406559050804,0.01,0.2207860806912369,62.348603011126826,0.746,29.0,77
33033,100.0,50.09910158624078,52.87256473020258,70.28965608202435,0.012076785888534471,0.01,31.499168308666327,0.286,78.0,3
33033,69.48406173432767,73.73873230891786,94.1073275567181,84.38134071553615,0.01,0.6632159986871949,22.225504549328257,0.714,63.5,4
33033,72.06471094961195,82.70496324048784,33.62529419143171,38.01956863024015,0.010040472598077508,0.9876150576759168,11.379459470668374,0.702,108.0,2
33033,99.11450927263087,91.90296924993453,88.37490589203009,38.037267716232634,0.017181626694985293,0.01,34.66599651404583,0.266,102.0,11
33033,68.75861451043768,65.51246261933021,31.880130024820648,55.33754551759112,0.01,0.01,25.153385130347022,0.47,181.0,11
33033,43.198786709098336,19.11883918583701,3.5650538152751254,84.98660833695185,0.01,0.9648325815012626,19.051142378487913,0.64,41.0,25
33033,100.0,80.8543327332941,100.0,2.426530858514292,0.01970914185305074,0.01,44.335578189161545,0.192,68.0,21
33033,99.55819264941958,91.76804314562577,59.90048780449522,58.48975092977772,0.01,0.09751248575311065,20.87335126091456,0.576,114.0,23
33033,100.0,51.1220312749086,99.71276956546674,78.95337991751073,0.01,0.07685778702965938,29.72576579404885,0.474,58.0,1
33033,64.12190475749605,68.3389929476022,82.40675062645002,1.0,0.01,0.9272530829316236,56.24671706294534,0.762,40.0,23
33033,81.70420336888071,82.63091410696619,100.0,40.475194095732114,0.01,0.02837120289837105,22.58563583478775,0.438,142.0,1
33033,60.115382484672885,70.52732938757741,84.83768655563323,100.0,0.01,0.05067413881607695,24.276350723715808,0.55,75.0,1
33033,100.0,94.21141780772211,100.0,2.9908307525062403,0.010042905364909292,0.010382857218544867,23.138413525907488,0.552,235.0,1
33033,100.0,45.724265730375656,75.74991668402409,18.763505035638637,0.01,0.13908249050180047,41.93712565430387,0.46,31.0,1
33033,100.0,80.48766888975855,62.878303972008176,100.0,0.01,0.914953858178469,8.238528256986111,0.724,138.0,1
33033,89.54867058327594,98.14093366353035,79.08059749009334,100.0,0.010001697289670255,0.01,24.417238436293395,0.248,120.0,1
33033,23.98468746717929,44.74992510588079,1.0,29.417572596295756,0.01,0.01,39.27751788052231,0.376,60.0,50
33033,86.33598215479243,77.86285332856944,50.10580351774693,64.87919113174941,0.010110559843568217,0.03385276976670837,27.68666827070572,0.472,98.5,2
33033,100.0,80.0344452596398,97.27284986299453,1.0,0.019776129286605746,0.01,46.78784197005903,0.152,69.0,1
33033,13.751553817425075,55.00012808676521,11.876856167014948,34.83356245069633,0.01,0.13641723879597428,46.75726901910695,0.496,12.0,21
33033,93.4195470073992,21.007738116820907,92.011632229722,94.3456517262913,0.01,0.6779255124230895,23.79160037598298,0.324,18.5,2
33033,76.21027161595752,76.14714212773674,19.417627645706222,88.90144523149766,0.01,0.01,28.87561503721867,0.384,160.0,1
33033,58.67010428601755,97.7773518220835,66.88045242625512,14.213610804612841,0.01,0.01,100.0,0.586,35.0,47
33033,77.62914534627333,64.6431498799074,100.0,1.0,0.01,0.01,22.35099563302141,0.634,224.5,4
33033,90.16517510208254,83.41617199235576,84.94894021998228,82.49552533106001,0.01,0.2693438132194889,77.82924011778795,0.806,44.0,6
33033,100.0,52.50916404595363,59.926216796734494,81.20113617518527,0.01,1.0,100.0,0.962,12.0,3
33033,49.58620408219602,94.43902979174196,1.0,1.0,0.01,0.01,100.0,0.612,16.0,1
33033,50.015618245725804,45.0779743690384,54.006156221239095,41.10157407561831,0.01,0.026780539751279003,29.70683084599415,0.462,80.0,24
33033,38.1837524956385,81.56671075543267,95.91267527154524,20.863151262441278,0.01,0.01,40.2032065759205,0.33,74.0,63
33033,86.19615080264013,90.39852846588079,69.55152784445187,60.36757608611032,0.010342485894416265,0.01,21.244059254311324,0.43,203.0,1
33033,41.87682851074717,70.86374064974697,87.4997946084061,10.214973870628388,0.01,0.5492680413884702,100.0,0.81,50.0,3
33033,57.30972472666357,72.46590789473947,77.00050288969757,1.0,0.01,1.0,2.166389566742894,0.638,208.0,3
33033,55.12122330943657,100.0,23.006889326743334,1.0,0.01,0.01,53.87139491235317,0.278,25.0,77
33033,73.0046639351357,26.65009022724582,64.78385845257714,100.0,0.01,0.01,22.98155479051354,0.58,183.0,1
33033,72.60435966893188,29.611233573167787,13.708277548265652,82.81288578444948,0.26122235379543,0.9016028194424639,95.75343778978235,0.69,0.0,49
33033,82.078505239711,88.59180726755318,100.0,1.6423862065315353,0.01,0.5715248408082815,6.474557783766243,0.612,185.0,9
33033,90.10905259156961,100.0,1.0,100.0,0.018235723896185874,0.01,54.88584099326198,0.196,48.5,44
33033,19.161791269927487,42.98859947998317,9.887265617304005,24.938802155050887,0.3139286554346753,0.14659550935209936,65.47228927928309,0.206,0.0,78
33033,90.02462608948714,90.09807989615955,62.43166301265805,86.12447110030257,0.01,0.25972706311850946,11.633214011895733,0.67,130.0,5
33033,95.44745675114977,98.62645413661292,97.62849134768294,13.568124214638168,0.01,0.2224861475204193,91.64562291753673,0.8,69.0,1
33033,100.0,95.0582436621618,100.0,46.346677254766085,0.010020615880767997,0.022854538045359155,29.91234727922284,0.501,148.0,2
33033,71.86886811735934,96.95388608983414,87.04947265748795,91.13704766594748,0.01,0.04362202664204552,22.49919638040634,0.484,98.0,33
33033,100.0,89.81646214714348,54.8391211992755,52.55830509482807,0.015579587820028707,0.01,52.003944217549446,0.19,84.0,1
33033,65.51892005639556,63.77315806129313,8.596292131188806,69.05111489828045,0.01,0.02770371609926136,92.90028036659193,0.695,33.0,50
33033,75.21969011789365,80.46408004326948,99.33000276765682,1.132197910454209,0.01,0.038732579824116896,26.061539859424887,0.48,112.5,26
33033,68.34518112874811,100.0,37.63917423852917,42.869096155905446,0.010294888281695011,0.31519985133424905,22.239446720690736,0.654,82.5,18
33033,62.05215420688181,37.23939345834199,80.31696280875354,79.705606364804,0.01,0.692265270377356,9.176547853432538,0.6890000000000001,102.5,10
33033,88.93634245674085,46.27751158538355,100.0,1.0,0.01,0.43684280302984246,19.714392308050673,0.762,120.0,1
33033,1.0,1.0,100.0,100.0,0.01,0.01,19.71286090441598,0.302,122.5,2
33033,30.313461013360147,34.86539551129443,91.41724131662069,1.0,0.01,0.7479190288988953,2.5048294152726536,0.5449999999999999,142.5,2
33033,9.145529412217078,13.753404058608297,93.10093207050248,52.0543273887529,0.01,0.14668844101972334,39.38371161963384,0.388,13.0,39
33033,85.97961788863755,100.0,93.99004230596505,1.0,0.01,0.01,23.019522622207415,0.361,160.0,4
33033,75.22476654923116,68.70030015590096,97.88614472620684,53.27611565560077,0.01,0.35524058265279507,54.35883285258726,0.436,20.0,1
33033,82.78753902288081,29.848293154342066,48.97336160603579,1.0,0.01787870776202509,0.011722339521600946,53.423168886320845,0.198,34.0,65
33033,67.6100916006454,73.33436881315318,84.99851478936695,1.0,0.01,0.01,22.060182278581227,0.59,263.0,3
33033,1.0,99.99999999999999,100.0,100.0,0.011397801260691256,0.01,11.25169428060514,0.162,72.0,1
33033,88.03416220579322,48.92341871986277,87.16293119953335,1.0,0.01,0.7046987326368592,100.0,0.942,21.0,1
33033,78.21497136572869,88.81349514004926,96.06178413433845,12.587949124046656,0.012650248139671194,0.01,46.383599539084095,0.216,62.0,1
33033,100.0,100.0,88.0809794487023,1.0,0.012209576051236378,0.638528462877938,91.41082325660226,0.822,74.0,1
33033,84.91271792232673,100.0,77.6411829773044,71.88666337998995,0.01,0.5243043870174904,24.05468941532248,0.7170000000000001,72.5,2
33033,94.7713146107989,85.77612722010437,67.79643620545326,48.659947294856984,0.01,0.41352120544214027,8.75876854916326,0.678,173.0,1
33033,74.45682733211974,65.01296534382931,100.0,1.0,0.01,0.43475821752977944,59.36966335986986,0.758,54.0,1
33033,100.0,100.0,84.10328099327731,1.0,0.011622838782315808,0.01,19.58152281452673,0.604,290.0,1
33033,56.39356041229942,77.05907590150358,49.05050401932963,37.072475759701966,0.01,0.7787739601350442,15.727199152547835,0.784,181.0,1
33033,89.9089435453418,82.36619972574985,91.87236085556799,65.41462804354994,0.01,0.01,35.077294063320146,0.542,182.0,1
33033,97.82075743154985,100.0,98.08993204436159,34.66139113395623,0.010003690638906035,0.9392786095777683,6.591150225740972,0.684,172.0,3
33033,43.044784959931754,7.062481582327231,87.95139285508529,10.533108741680381,0.016711189783410185,0.10435057650914836,28.49953119105745,0.153,11.5,10
33033,72.97686236014884,47.797552220912074,23.5487736228814,78.65708086131812,0.01,0.23745693900522455,28.734546191399208,0.56,55.5,18
33033,71.32874947082873,76.0458542680749,1.7879273464230652,100.0,0.01,0.02615064698825198,28.87637895482591,0.452,101.0,23
33033,77.55944503524324,36.89884755001818,98.92461846841465,24.29536149427924,0.48709115975149514,0.7895844104519023,44.36081344337654,0.188,0.0,51
33033,79.32871527318052,88.61398339323395,100.0,1.0,0.01,0.3489103381895166,100.0,0.828,62.0,1
33033,64.5658721838651,85.97354388925618,3.061933081239359,48.131876799474846,0.01,0.6368625854646088,37.77208883050729,0.416,35.0,60
33033,88.86434312676154,62.31550890422476,41.260027221241685,59.531809516571535,0.010749260124873915,0.04557454218353715,30.346843840925764,0.474,70.0,29
33033,100.0,94.94851086733526,81.65401082085383,34.842618878599694,0.01,0.04604355644635382,25.222108694833707,0.30500000000000005,68.0,2
33033,82.49712008318991,90.06404134528232,81.80421457642761,1.0,0.01,0.3133289165073778,64.86347679841231,0.716,48.0,1
33033,73.02835872463186,58.35250088660842,39.911895493289336,50.162823699584656,0.01,0.01,25.682014318266408,0.468,168.0,1
33033,99.04322360799192,94.42636478901252,57.950145617981946,100.0,0.01,0.01031601810791147,23.72886452751485,0.584,212.0,1
33033,28.212345149677905,85.21054038204488,99.73564931554967,63.440239969546106,0.01,0.27695945264232336,57.14555756410006,0.728,18.0,33
33033,38.30880964356434,49.16663328265702,63.31329631664402,44.435907014641025,0.01,0.01,23.836147060652046,0.438,138.0,38
33033,98.55700795223534,42.10095669975263,97.55846815358377,4.1684382790866294,0.01,0.07274340459867859,17.952653334940454,0.538,110.0,1
33033,100.0,100.0,60.967733755324694,47.53188039380229,0.01,0.7405295381987946,6.018296990533792,0.589,162.0,6
33033,81.14160246074157,80.85177233290817,100.0,10.456535085018295,0.01195365037594742,0.18973749243525553,46.22703075743037,0.446,60.0,1
33033,78.62753490309088,71.5477371917026,100.0,1.0,0.01,0.19410536999155004,21.294269142222795,0.584,91.0,41
33033,65.63539951570797,26.68184560229063,47.000638038684535,1.0,0.020101284855270154,0.01283408973844177,59.432437124445656,0.21,16.0,42
33033,65.51445735406078,83.13596200192845,22.181587818698116,100.0,0.01,0.02739871644716379,22.813946187824925,0.38,119.0,3
33033,100.0,51.261978771152414,38.75125844015735,100.0,0.030227085625923578,0.01,52.77515443126096,0.11,22.0,7
33033,72.37818188984492,100.0,89.73285944969314,42.03465542780236,0.010523379222268099,0.23503492375085505,49.77667350870552,0.496,40.0,1
33033,57.79160895413143,60.60837250832641,1.875406688918706,52.0605192822691,0.01,0.09653338638151131,43.15035002033447,0.394,40.0,22
33033,68.95769251082766,69.66853529124954,56.41542028451582,100.0,0.01,0.01,17.808385548476885,0.316,114.0,1
33033,64.66802654902247,1.0,47.208256179432546,80.80881183719242,0.015153308273802119,0.01,43.064268075427655,0.226,20.0,11
33033,55.82418194823678,26.561017529075443,58.7232133939931,21.064184850992568,0.01,0.8734118705239123,20.313489901607678,0.666,47.0,27
33033,29.475141299206534,68.35235471455297,57.332536709019756,72.40890173189985,0.04827474437420462,0.7510010074634101,100.0,0.826,2.0,42
33033,95.5746551659371,88.27834332507089,58.16490972587471,40.71955936860533,0.015206806625359032,0.01,45.973947066001166,0.212,59.0,1
33033,37.062206020231066,88.78476308043322,98.53905837589704,20.589744488614638,0.01,0.01,52.82771398999544,0.278,52.0,54
33033,65.88100713665993,78.00577486244238,100.0,19.329380758111746,0.01,0.01,44.637597194591905,0.328,64.0,21
33033,100.0,100.0,77.64079461419726,68.59308339167208,0.01,1.0,21.008099452433044,0.516,71.0,1
33033,72.64544424591591,73.60364923919137,66.87778394834068,41.9550939511013,0.010081411962514907,0.09092280328633755,100.0,0.784,52.0,3
33033,64.19257964865565,100.0,96.42347591637692,1.0,0.01671251907306182,0.01,65.69825282716057,0.258,39.0,1
33033,100.0,100.0,34.51644944250213,100.0,0.01,0.01,15.48258698212522,0.564,222.0,3
33033,52.06860435850652,12.371193663419364,31.29080524863295,4.564756821251274,0.011694467306055398,0.8466544174922742,33.589743821326884,0.443,12.0,28
33033,75.6274786743594,78.6739624034956,39.2953580684172,37.62762503847636,0.01,0.2597833952837846,8.923052552928286,0.726,213.0,1
33033,36.298848601789025,43.83557102567154,20.096375498230906,1.0,0.01,0.26747142132182955,64.88744059344425,0.754,12.0,13
33033,100.0,60.586072476602006,75.40817697305278,1.0,0.01,0.13104843301032373,19.648625894154364,0.58,104.0,28
33033,69.89198687745261,100.0,35.839382138589556,43.666154669161244,0.010390914068335177,0.3893932507436516,19.668179013246636,0.633,86.5,2
33033,77.08091679315118,71.74881125288752,50.12969709371817,12.695484852462197,0.01,0.19313819691427,7.159637041372426,0.614,207.0,1
33033,4.377236108401234,96.47770629156946,9.965060270983026,7.7602463210182435,0.4128144226030753,0.9627286692950442,74.3969244659284,0.488,0.0,93
33033,99.41339345877252,97.66935072040803,100.0,7.495919488415904,0.01,0.5241062526475706,12.203975584241897,0.623,139.0,4
33033,85.83812484650444,74.54000974827768,96.94222718809783,25.718500961394703,0.01,0.01,27.220971940515213,0.532,243.0,1
33033,70.48010027511232,85.62741376176332,100.0,5.147691971647314,0.01,0.15195550168690983,23.785718311577682,0.642,95.0,1
33033,73.1968998195458,100.0,100.0,18.047137891111035,0.014793686155975124,0.03335681622536405,52.41352289555931,0.352,29.0,1
33033,100.0,99.82002700773452,68.96502934253053,80.79972722956738,0.01,0.01,23.081536821638718,0.352,158.0,1
33033,98.20934511979296,20.955031629569056,32.14639873095146,62.8346906510546,0.010018566820558733,0.01,81.06435624414102,0.466,21.0,1
33033,82.85329508486228,100.0,99.22173391975512,100.0,0.01,1.0,10.14360224967091,0.748,163.0,1
33033,11.050333365665141,12.64899899877173,55.28846038680795,18.416647548284953,0.243929237689362,0.06181385237915757,65.03828367942495,0.126,0.0,100
33033,77.4991213234739,33.79166461549165,96.42613976255414,86.83182940116721,0.01,0.6969359973345517,14.579014179664473,0.628,61.0,29
33033,76.37424450113237,68.76090076693775,100.0,39.73251574997952,0.01,0.3032175742790574,59.59796536252054,0.732,35.0,29
33033,42.147687990527004,93.69777858469004,63.72966131857536,16.812568554365072,0.01,0.30312405772736645,23.813097072445704,0.548,64.0,1
33033,64.34766213336792,86.84124154437139,20.36469091995661,3.3275221311293794,0.4703609285556669,0.9192812905056751,67.91289463562478,0.412,0.0,98
33033,84.730521187438,74.37571434316195,100.0,18.94243053982652,0.01,0.2698477760410999,26.077102870550064,0.684,92.0,1
33033,27.876182758640372,6.5640061166060715,99.94220418926264,81.84639157363307,0.4870713221008787,0.8639439942851168,42.40853769244734,0.168,0.0,100
33033,100.0,36.75502417670044,94.66546545036508,100.0,0.01,0.49819195912765973,18.461041890127213,0.722,64.0,1
33033,37.996044982129014,36.99561773563988,46.33749972895193,1.0,0.01,0.01,58.351905262207396,0.286,45.0,53
33033,97.61094809155674,100.0,56.97836149387624,67.62526821253253,0.01,0.10800384710566682,13.88546334095569,0.526,154.0,13
33033,77.32322583206154,100.0,91.95745328232036,11.611982128172164,0.010108254189120642,0.01,48.10358499113856,0.43200000000000005,101.0,2
33033,85.63829542905805,93.93473035567442,85.48978120784452,45.427419423098165,0.010003730714656094,0.01,20.902085236057975,0.606,288.0,1
33033,83.12262247737142,93.68831015733346,1.0,80.23400573227454,0.01,1.0,99.31458687278068,0.868,24.5,10
33033,92.0802813373356,83.77270572617091,89.72907320919799,97.00813001553286,0.01,0.01,22.016406110992353,0.518,218.0,1
33033,63.57927591657655,58.633853302343745,52.365189968160855,58.13975706388127,0.017161032115157793,0.02250451049662691,38.86121934976692,0.29,91.0,1
33033,62.561070391366144,72.38195887799489,34.31068421542617,100.0,0.01,0.3628035260216878,22.87183717893874,0.616,66.0,1
33033,93.82762061530495,39.31712998935956,70.52063298496924,100.0,0.024518253812865945,0.01,54.761747770052764,0.15,32.0,27
33033,57.46115743367195,9.113786047170088,1.0,36.478895374760974,0.01,0.01,58.727310168664815,0.293,13.0,56
33033,21.321840655541727,34.52978753327996,26.220570119975115,52.056757983672306,0.01,0.8556243206135639,90.4054926513851,0.909,11.0,22
33033,16.42474271140979,97.56216114064412,67.6224516156391,3.3913235462381257,0.5744070400337083,0.38897435684953546,90.90342550177768,0.39,0.0,100
33033,56.92542667743086,23.133462028401222,90.84081088503386,75.23565888126318,0.010084265299454647,0.11904954968171913,24.42351200565732,0.579,54.5,8
33033,100.0,100.0,97.75943471340643,34.68805964392572,0.01,0.9527471883314668,4.738820842357218,0.58,174.0,7
33033,91.79249315600173,83.41609341578032,100.0,1.0,0.01,0.5753652253256821,23.684387218361877,0.627,76.0,42
33033,26.272991214765348,14.19326575037177,98.19856549844026,44.568916539540616,0.01,0.01,39.597594781563494,0.39,50.0,60
33033,57.067969655564646,70.14010569560001,53.31788207538167,82.49483763124847,0.010086576178962275,0.12166074284359986,30.307374323613388,0.5,52.0,34
33033,70.17680613549115,81.30192078587542,77.49042932928114,1.0,0.01,0.2250415043568801,6.690260090109783,0.596,235.0,3
33033,100.0,100.0,83.60125689054065,90.82256900013115,0.01107864365954218,0.01,28.042626557715476,0.626,240.0,1
33033,100.0,94.17610188792673,100.0,62.301947170108306,0.01,0.9712831278688545,9.321499361169186,0.722,157.0,1
33033,33.47874484243161,100.0,100.0,4.629832985040334,0.01,0.01,46.016427870168464,0.318,59.0,57
33033,72.12381686564441,40.429783298197194,35.14513017446604,36.52849767475503,0.6687706474827256,0.6700104055316194,75.25839704212164,0.348,0.0,68
33033,100.0,99.05527075149749,83.15161711817204,1.0,0.010067353785597042,0.01,13.544098498024828,0.658,237.0,1
33033,100.0,73.67346265549774,91.75922904764242,12.613657268187904,0.01,0.08576386534068868,74.34447926115612,0.671,39.5,2
33033,59.38539491754813,1.0,100.0,100.0,0.010666612491509428,0.01,22.769257261692,0.224,76.0,14
33033,92.1207577794757,98.40033544766163,78.94562944828125,11.835325338090955,0.010401725063981588,0.01,34.87457875340154,0.316,90.0,1
33033,91.2908567254167,100.0,57.34815124198031,29.352322762672475,0.01,0.01,24.060698239855558,0.484,175.0,1
33033,100.0,100.0,63.1753481902439,84.77814136912892,0.01,0.01,22.8068134222513,0.608,264.0,1
33033,43.4005099779877,99.11365220181564,3.0405445202528845,13.129932192506361,0.01,0.8448096556316955,50.564821429841544,0.648,12.0,21
33033,100.0,65.11625372179682,41.85234033777576,69.17049816750819,0.010924657573671039,0.01,35.59446355453742,0.404,100.0,1
33033,62.61666221689287,80.2202753821162,84.02832647574792,10.48084110951678,0.01,0.8897111694031666,52.3424676251982,0.716,39.0,15
33033,98.62154674726371,100.0,47.14911336243583,85.97755719741033,0.01,0.01,22.600140259174317,0.392,173.0,36
33033,68.17094907046203,79.36981151239326,100.0,95.25523418977798,0.01,1.0,93.76912372793585,0.85,40.5,6
33033,89.52611949035175,96.01750847640774,92.18477960215705,83.97836448308038,0.01,0.01,22.724631978565856,0.356,177.0,1
33033,70.90472743212686,45.63175050122978,48.98836753890978,20.981857774705887,0.01,0.0917619895517587,92.18414745332106,0.806,15.5,26
33033,100.0,91.9914086192788,1.0,78.02108425179766,0.01,0.21655453773336605,21.5654051096774,0.732,127.0,1
33033,100.0,100.0,81.33373776725259,55.49860033635839,0.010302106511230086,0.01,21.921980857484805,0.566,262.0,1
33033,56.448016808720865,72.22921673895385,100.0,5.116151974253266,0.01,0.08072201113918852,17.247497100303967,0.64,172.0,3
33033,100.0,100.0,82.63539508156192,1.0,0.01,0.4622606728993881,11.602537772703757,0.655,134.5,2
33033,73.30703556156742,19.414159871328927,81.25031446160058,11.533744692472832,0.01,0.01,28.86955162289669,0.411,117.5,38
33033,100.0,100.0,100.0,100.0,0.01,0.01,22.62143893058284,0.504,169.5,2
33033,64.1592884745967,73.61069360643145,74.62424635092204,9.764152202916875,0.01,0.01,31.579305894379107,0.332,112.5,30
33033,52.74633243110342,92.17537996114474,1.0,98.68321128531859,0.01251947931974735,0.01,39.006318900009546,0.368,106.0,1
33033,69.91476401955146,41.07747124534007,68.98191833968788,18.410572980811178,0.01,1.0,24.144913646009304,0.663,60.0,10
33033,94.49849162473558,65.47054830012644,53.50171985639729,40.886598494642875,0.8888499616539324,0.7453455187631209,45.04763435310616,0.108,0.0,98
33033,85.30859681123675,33.87969846157662,54.03739876955523,19.37273027327539,0.013206546649979603,0.4784038398880311,38.56908063722219,0.399,27.5,26
33033,86.78688681509922,77.47933935946033,96.3884219980895,28.030120387248278,0.01,0.5204469466512468,0.5,0.403,173.0,6
33033,56.32588275477684,31.052546740458347,45.61890533071213,90.33552805120264,0.01,0.6044072953998193,5.754090678661573,0.668,128.0,1
33033,66.65825810102018,100.0,75.61555710194433,1.0,0.01,0.34446554990333345,9.130540583822642,0.763,206.0,2
33033,95.73088372815859,88.59186775316081,57.66362001953667,49.806778451542634,0.015496234715893922,0.01,47.7897356516064,0.191,56.0,2
33033,42.52193732211629,100.0,59.941796974894416,40.11473447154973,0.01,0.01,30.58373043442799,0.408,141.0,1
33033,17.412051565440834,21.440972141097415,100.0,48.7574242288853,0.01,0.01,38.45403829894787,0.353,54.5,32
33033,36.41547905390109,36.71558030577047,54.37406104415498,100.0,0.01,0.5939214842689523,3.7936769292456995,0.534,135.0,11
33033,92.13532334503849,91.8681291564627,95.25850358968216,77.61521875072813,0.01,0.01,27.8270928290743,0.358,126.5,4
33033,100.0,100.0,78.52352112882048,70.83930934590708,0.010288839810292303,0.01,22.162006334081145,0.427,190.5,22
33033,71.21571605956805,84.22473705597622,79.32889668853566,91.81890036378644,0.013718376528716117,0.01,66.94796036659987,0.292,36.0,1
33033,79.43148769575312,73.19746040762118,100.0,85.67405708393105,0.01,0.07868010715498877,49.05442061783551,0.526,21.0,1
33033,47.23581752966126,63.69216448264765,87.42587653250693,43.3579967555688,0.01,0.12603297767960955,57.29224310752455,0.649,21.5,8
33033,18.160820960541916,28.755642800458638,100.0,13.739553381683667,0.01,0.5404383258894903,69.27971803624492,0.776,15.0,5
33033,66.05914708517837,72.67661796186339,79.1925213079135,83.24285765001723,0.01,1.0,48.95469828444056,0.636,28.0,13
33033,95.78196000855304,95.11969755921912,40.47404779646464,100.0,0.01,0.01,25.372115307038786,0.45199999999999996,201.5,10
33033,100.0,100.0,100.0,1.0,0.010910284012298278,0.01,18.425779071425957,0.478,201.0,9
33033,73.8318791355614,65.95839151102078,67.77281857847123,35.63896858691692,0.01,0.07128653258019521,14.531575223817663,0.484,142.0,7
33033,91.27422573979933,100.0,1.0,79.38386121698798,0.01,0.027105916220833144,37.27999226669047,0.4,63.0,1
33033,100.0,92.42833965692672,85.81798464952087,100.0,0.01212771615763373,0.01,32.36047356653921,0.58,197.0,1
33033,64.69335480171485,34.562088976262174,62.98327273017625,4.479216710592527,0.2910314431763436,0.02953057776511272,22.595116389105566,0.01,0.0,100
33033,100.0,92.25928954161341,74.11575614899438,21.066259460006332,0.01,0.2820274565076461,73.07571763599752,0.785,40.5,6
33033,73.3070355615674,19.414159871328927,81.25031446160058,11.533744692472832,0.01,0.01,28.86955162289669,0.424,117.5,52
33033,97.9592155825637,94.1590124067206,83.20412165200766,99.37295375190708,0.01,0.01,29.089110468415008,0.262,126.0,1
33033,99.36357530245934,95.15602213694002,70.18482168203622,7.983322643857548,0.01,0.01,19.526404730197594,0.646,314.0,1
33033,100.0,76.53732782108662,100.0,7.238205672263119,0.01,0.01,38.26890845839494,0.408,151.0,1
33033,100.0,87.86978665058494,71.07383960773254,12.81427434152315,0.011072483424870092,0.01,36.29869017826785,0.346,84.0,3
33033,51.59403159451722,14.455404373224757,2.610256628966973,13.580635173315548,0.01,0.01,44.001649017375804,0.334,28.0,75
33033,40.5487797593934,72.08814563013257,84.75182801910485,1.0450623892530466,0.01,0.1319660426540283,20.834331837753826,0.518,83.0,1
33033,93.47102183401955,29.36581280421318,60.82265297048143,1.0,0.01,0.01,28.60104756389517,0.406,132.0,1
33033,83.49489861341083,90.9623223959143,70.74908944112406,4.699105670836346,0.01,0.5355437514995514,40.39060546585956,0.466,47.0,33
33033,1.0,99.99999999999996,16.757693226372083,24.03532894627189,0.01,0.6791165571413165,17.309375407315915,0.599,12.5,22
33033,9.011968393248155,100.0,1.0,47.53180546136334,0.01,0.01,26.827875936382707,0.432,74.5,2
33033,95.93446025469873,93.76262673035122,73.29379293559506,23.008531648860707,0.01,0.01,18.85731468687061,0.662,230.0,1
33033,45.48132838868086,9.780999291265323,90.71022324319381,44.96699929353113,0.02486647895625102,0.053865842245759195,40.62756738126061,0.199,12.5,10
33033,17.36535192163977,22.969358333493233,1.0,1.0,0.01,0.01,100.0,0.572,17.0,1
33033,53.46403337700883,87.44560144701906,31.75010543219222,9.692184496618424,0.3442723064800184,0.9445877973596654,81.01057262061364,0.552,0.0,100
33033,67.31629533261992,68.1327908473216,46.544859264743074,90.61136228101263,0.01,0.8938323970870048,24.229228290672978,0.598,52.0,36
33033,72.39985658350405,81.21645142426567,53.52338911578692,60.183785355939094,0.01,0.3690973952574771,12.226329164899159,0.681,131.5,6
33033,100.0,100.0,30.7497749224982,80.76615225249967,0.01,0.01,28.71494056120158,0.37,145.5,32
33033,99.38462937694554,67.6069741286093,16.80268695488963,50.5490074741712,0.01,1.0,95.56642077303198,0.964,6.0,1
33033,1.1382974850562155,36.70889884690782,38.38309920236911,58.10486076095211,0.3303871971486542,0.7786780338366002,96.08319643231411,0.632,0.0,100
33033,94.11234719903044,23.08919135655797,47.97413096922249,91.01078790149607,0.01,0.21416264924853326,73.09853527299705,0.787,17.0,24
33033,71.04089931113984,29.98702535442746,55.31969127660333,48.653536908145185,0.01,0.21890799704276712,22.300372218544986,0.592,42.0,1
33033,60.68649931299242,100.0,40.63580151633323,76.48598931146533,0.01,0.012883068921021165,21.19013676446016,0.402,124.0,1
33033,64.31215057460173,78.23369338717033,100.0,1.0,0.01,0.01,25.90667622804196,0.338,149.0,4
33033,4.702201970202916,19.25405054167148,69.13586835049517,58.673505054924675,0.01,0.7147490379790136,100.0,0.854,11.0,14
33033,66.69502569627342,76.59124859237147,14.776967528412477,17.733065870737082,0.01054960009170419,0.01,17.92278259997836,0.454,144.0,5
33033,88.75491524653141,91.73448281965993,68.39456178394371,2.5201670740325604,0.019941488678219894,0.012943915948112611,45.76372798321933,0.174,57.5,12
33033,73.42325411157135,64.61116795672405,100.0,3.6327643921875294,0.01,0.01,19.903872358264763,0.726,288.0,1
33033,89.11143318637349,97.41000541042317,74.9617956619255,39.193112924690325,0.01,0.08045232091596846,99.24839959673747,0.804,25.0,29
33033,59.66203096668291,5.852972824547068,85.15491937573229,1.0,0.058354913241880677,0.050137590163284576,51.97665806482655,0.136,10.0,3
33033,100.0,100.0,100.0,88.63939885489629,0.01,0.01,22.603814095176098,0.372,182.0,1
33033,85.69935039268331,76.49696212088574,1.0,99.5802751497822,0.01,0.01,33.150431369902726,0.364,124.0,51
33033,1.0,100.0,75.63292864938866,100.0,0.01,0.04443446178442589,36.37394557197187,0.376,16.0,1
33033,67.58968601104922,64.83461335900827,28.534117557620228,63.18884203110445,0.01,0.01,25.059903641627688,0.536,229.0,1
33033,67.70417279411127,73.76605970495159,80.69847699025017,1.0,0.01,0.04398592525881454,19.105698413305117,0.594,192.0,1
33033,20.3766636907045,26.787243194243107,15.347968014438521,62.0672235988081,0.01,0.01,33.66024847270099,0.392,81.0,47
33033,93.10109909134422,27.886325427021255,88.24582030290246,1.0,0.01,0.01,27.835493069084162,0.39,124.0,57
33033,100.0,100.0,91.33953478247486,55.56766184067298,0.01,0.01,17.2156396785618,0.556,214.0,1
33033,47.985228180842604,56.248128558732155,69.39367052497424,30.374478201034318,0.01,0.06658980119313387,28.017929931372322,0.529,66.0,38
33033,100.0,100.0,57.43605644574411,75.92685060049926,0.01,0.6756941274162303,14.273547382769456,0.625,94.5,24
33033,60.62111740162207,1.900155863610469,96.2151948029129,89.36109380424507,0.5083200283342243,0.15222082240893073,40.0869592873463,0.026,0.0,100
33033,61.9838983117034,3.9358219401231325,4.493585349851106,40.63729763950271,0.01,0.01,60.686784949878366,0.316,14.0,19
33033,53.79787826232332,60.223855457975304,93.80017695680533,36.57441515484082,0.5776763259393166,0.9086995007539552,94.4000999653996,0.508,0.0,55
33033,59.522754516900996,84.69162683964106,92.97815032115413,1.0,0.01,0.23999584962154213,30.771154511930987,0.792,95.0,1
33033,32.63794446227274,62.16057925910427,57.75248148517063,92.83773355432588,0.010725021030151114,0.4038269860250561,90.22506475644886,0.904,8.0,31
33033,79.61292087301297,81.3560330507597,89.95746160060126,38.11679790743215,0.01,0.2401387193013431,20.818625838903987,0.666,73.0,1
33033,93.49151927384311,100.0,100.0,100.0,0.01,0.01,25.17139014496247,0.345,160.5,16
33033,84.68074861012954,83.46231788927805,100.0,62.85463359276837,0.01,0.01,23.761213464589957,0.334,155.0,1
33033,100.0,39.14054201651509,28.69505322855295,43.154603666651,0.01,0.01,54.31126399355883,0.466,61.0,1
33033,13.140011506882162,73.6960262728228,99.25333506409262,24.141686939232947,0.01,0.01,51.2416558216018,0.26,17.0,51
33033,98.8361970542027,98.50427267721112,100.0,100.0,0.01,0.986689805791758,79.13773264184785,0.888,44.0,1
33033,90.0882373232407,70.34868138417067,83.13013601117616,1.0,0.01,0.8095099942147821,6.062972328800141,0.56,105.0,1
33033,100.0,74.14614373056853,96.2162204524428,43.98982886443629,0.01,0.4341351670092663,13.13274456233893,0.61,84.0,11
33033,100.0,100.0,99.20541012629673,12.82200154304456,0.010147593962787091,0.024188640258462554,14.885679453054895,0.514,223.0,1
33033,100.0,100.0,10.791841099595235,20.500004312679952,0.01,0.3592407355493899,21.330426448581537,0.65,62.0,1
33033,75.22484900007913,54.31799912431388,81.08521205916291,82.81245906854498,0.4189078672809708,0.6538485181264657,70.02583670837913,0.426,0.0,92
33033,83.08567862975566,96.8753614119343,78.67451375116106,1.0,0.01,0.01,31.700981760431553,0.264,85.0,1
33033,71.36401331153941,100.0,62.30141340780427,1.0,0.01,0.01,39.974055406366936,0.352,77.5,20
33033,98.57014781216475,87.87293254179937,34.9620823069598,100.0,0.010077322340405696,0.01,25.98560549366603,0.507,230.5,2
33033,84.6547665312367,99.18163137204837,83.09366859741945,3.715464363792999,0.01,0.059552694225490865,27.18093442316776,0.064,12.0,1
33033,76.68338646615265,88.69960690437605,99.58031680440855,2.40015235215037,0.01,0.01,19.579163432274253,0.618,250.0,5
33033,67.37613418073818,55.182248380113556,75.16271385239564,8.743111835158883,0.01,0.40453157929442124,11.042171502201612,0.596,112.0,1
33033,100.0,81.6803030884266,99.70723973705131,1.0,0.018993818499913176,0.01,43.75408149440422,0.195,70.5,10
33033,100.0,90.99447945860412,100.0,39.63523091280494,0.01,0.19170722389234324,5.6149691284319365,0.676,247.0,1
33033,1.0,55.39356705569026,58.28469895810212,52.196871194682544,0.01,0.9921985044469748,29.613268356687094,0.537,14.0,26
33033,73.7037886511325,36.07976453185565,46.387338935223525,22.07545182200252,0.01,0.4375040139349754,11.488758069341431,0.68,103.0,9
33033,22.759375796372115,46.39662355587301,97.69938741615715,42.88699928104935,0.012085407411564048,0.01,43.92169058124357,0.348,62.5,2
33033,44.18862345167196,78.83704663652576,47.010820468111945,1.0,0.01,0.2902094799369536,53.406160140698034,0.602,22.0,1
33033,23.085184508763184,100.0,73.96408804436426,100.0,0.010502488747149197,0.01,35.08804659421064,0.388,70.0,13
33033,39.1298654425986,63.57735193707616,78.17560052934398,79.89228472564375,0.017155137699302124,0.01,54.56468737735936,0.162,33.0,1
33033,93.21784315079644,71.15538780138112,21.970918466650925,8.378768436331477,0.01,0.01,34.96997365755246,0.46,78.0,1
33033,100.0,90.80902668734349,71.4121556847924,99.00352970580967,0.010035830412413876,0.029804199196472383,19.397195772761535,0.45,115.0,1
33033,88.42390203754182,62.06534770465933,29.01420197525378,69.83375907314002,0.01,0.1831350452072589,10.774151901833951,0.56,127.0,13
33033,43.84185963599648,85.84954616487616,85.02036095128017,83.31618568976764,0.01,0.21201347780919685,9.77298337052197,0.646,151.0,1
33033,100.0,31.33308321945102,32.56001491818698,26.1851820364878,0.01,0.01,33.318705621983746,0.418,95.0,53
33033,64.89487608987956,75.94509629991241,33.148932343810685,51.30483016994373,0.17308295582532682,0.7056215915649281,83.82556841085773,0.672,0.0,73
33033,100.0,72.05326714002402,27.493385572834026,6.272195515451414,0.01,0.015502381262725153,28.259600634436868,0.41100000000000003,86.5,2
33033,26.272991214765348,14.193265750371769,98.19856549844026,44.56891653954062,0.01,0.01,39.597594781563494,0.446,59.0,25
33033,4.583415288952942,54.44587196551233,56.199630615636465,54.95539598354889,0.26130277688183406,0.6684850645022131,52.18172852875105,0.328,0.0,88
33033,99.39826271796265,100.0,63.536196881237366,71.95927346518747,0.01,0.1777064298761037,19.994639592779233,0.722,142.0,1
33033,3.2590185732955206,98.58399134492747,34.48421447901735,54.75652582277428,0.01,0.580751395953224,27.573084246642726,0.47,14.0,19
33033,80.31822422047871,86.44179021768389,91.20356672348517,1.0,0.01,0.8352891420107074,100.0,0.913,32.5,2
33033,88.39651311087366,69.59042787240136,5.306886103424107,40.08279545837681,0.02676727001571852,0.01,51.08284361466635,0.138,36.0,15
33033,93.96767479076983,76.21015256907725,18.092765335152958,47.60693531241212,0.01,0.01,32.979132979621895,0.388,107.5,34
33033,100.0,60.00249478280065,22.366422658339776,49.81361669407195,0.01,1.0,25.304207547109463,0.676,54.0,3
33033,100.0,95.57561660595505,79.50204498589434,1.0,0.012172307860672483,0.3688374996296201,65.27036798493975,0.742,66.0,1
33033,62.01700941087542,72.62670694640202,1.0,100.0,0.01,0.09694109104451894,64.89308239158797,0.686,26.0,45
33033,80.08914329168087,88.50176401696477,82.83284516691262,1.9197929555199442,0.01,0.9019352070424034,100.0,0.926,23.0,1
33033,94.66543323224525,100.0,88.56713154439517,1.0,0.01,0.01,12.909053790256655,0.576,281.0,1
33033,77.01968923838287,68.61079714350632,83.58208761374432,27.6364176931783,0.01,0.8020030212402344,22.3463588196682,0.73,109.0,1
33033,36.02374850832466,100.0,100.0,1.0,0.01,1.0,32.757810250287974,0.44,50.0,1
33033,70.41857891762075,70.01712625175963,58.988262002671625,37.786279039684715,0.01,0.9585390329245896,22.583484785129873,0.735,93.0,2
33033,93.05201375443347,62.34163559291862,41.101563261933585,74.29332208360529,0.01,0.017201110249601595,27.233738551791493,0.46699999999999997,154.5,6
33033,58.45302457420611,100.0,100.0,100.0,0.01,1.0,10.38596605812849,0.758,114.0,1
33033,99.4498429403444,94.38115362276655,100.0,1.0,0.01,0.08878850840372768,20.873298660526444,0.488,108.0,3
33033,69.08560053246266,60.21257735674406,76.98445420896701,46.91945505160474,0.01,0.501784300882799,61.61526635358814,0.774,29.0,54
33033,100.0,54.230573197300544,39.16751179739477,29.226472054997515,0.01,0.01,18.353276942128982,0.498,224.5,4
33033,88.41554274162935,72.79985730049235,1.0,44.98580012478244,0.020169101105960253,0.01,46.12314046812086,0.158,43.5,8
33033,97.95716135420254,93.27721095108336,83.59940541971974,1.0,0.01,0.2076935777105655,23.277731490205703,0.594,78.0,25
33033,72.0539481820706,93.24308754536737,66.37999156001572,41.76586737846579,0.01,0.5191738970764825,5.135724995714118,0.556,197.0,1
33033,7.357438847619569,61.87844983912151,91.54055626438581,95.18388318958593,0.01,0.22030707738436564,60.25683615271066,0.71,11.0,33
33033,86.33158206057654,39.87488483943406,100.0,1.0,0.01,0.20608565999327666,18.75246174354505,0.578,93.0,29
33033,100.0,47.403365376362565,79.01554280931254,100.0,0.033741166842557915,0.01,50.191833960169035,0.097,15.5,4
33033,21.625614485045983,100.0,100.0,1.0,0.010011335386627407,0.01,31.901138232616074,0.286,85.0,1
33033,87.05997082117666,96.53613046760587,96.90661518968317,77.29940470605129,0.01,0.01,23.173571242956363,0.456,194.5,8
33033,57.36610294141128,71.34736339942563,77.14622757346896,1.0,0.01,0.9806852111538259,2.869959614632247,0.65,200.0,4
33033,94.20902096389835,94.15007890861966,100.0,36.4318925622591,0.01000887552313657,0.011974597171079588,27.084045619982398,0.316,135.0,1
33033,100.0,82.52046205701389,21.804500779519586,79.07335826476643,0.01,0.20381962115155777,9.105027685089782,0.71,205.0,1
33033,37.22207744957771,44.78777842510715,40.748187751064854,100.0,0.01,1.0,75.92756050738379,0.868,13.0,16
33033,89.8348418243111,100.0,100.0,100.0,0.015710774041857153,0.01,48.05234986277561,0.226,52.0,3
33033,51.597801596589896,55.87951580151208,63.29572994298814,3.5156558260639748,0.01,1.0,5.998197734602424,0.606,117.0,3
33033,97.53619655054443,100.0,93.99475815285469,1.0,0.01,0.08229477582426417,20.959519483924648,0.606,104.0,1
33033,90.52974074670634,100.0,56.09152530615005,100.0,0.01,0.01,20.467449730723686,0.412,201.0,1
33033,100.0,46.94654025213122,65.19073850228405,2.1485945981527665,0.01,0.8571278780072616,81.45567952538667,0.85,32.0,10
33033,100.0,80.77685731700721,96.35340584982431,57.11529852722292,0.01,0.01,16.463209860622836,0.388,184.0,1
33033,70.51831531246525,80.39151431173585,100.0,1.0,0.01,0.2666660685290027,8.095328841448595,0.658,196.5,2
33033,66.57556997255324,100.0,61.782786047807825,43.184928228382496,0.01,0.03243419671266261,26.517410741541415,0.484,88.0,44
33033,47.91975498877131,56.68302460515211,78.12898278451308,66.19549588029425,0.6124892058667916,0.7203171439780715,59.82067508678044,0.268,0.0,53
33033,89.93993034430707,48.358657217916104,100.0,79.12841450905775,0.01,0.10376386101320959,22.85894729114994,0.616,70.0,5
33033,43.853556518869794,39.0731459945712,1.0,87.16311556320706,0.01,0.5539919846954803,7.602503816433002,0.61,132.0,13
33033,79.33410449268203,89.32277830022778,50.50719890438065,56.00732788852861,0.01,0.19239326708848808,64.78965335304638,0.728,27.5,2
33033,54.2141143199967,73.00811074051656,85.08917076306204,1.0,0.01005648076368898,0.04207904497002523,20.54232847794159,0.46,150.0,1
33033,100.0,94.58941166247496,100.0,100.0,0.01,0.01,32.88621784341347,0.366,130.0,1
33033,1.0,100.0,100.0,100.0,0.01151326118371924,0.01,5.743324470543068,0.138,63.0,1
33033,100.0,28.691679431069172,100.0,33.22706508820525,0.01081161677739896,0.08338791128476343,21.93275284301342,0.52,66.0,1
33033,84.39215716228894,98.2405845716109,87.02336761343153,96.40021107179757,0.01,0.04503422994967669,22.071180324141412,0.516,136.0,1
33033,47.98017629955379,68.56827993992002,59.75566353715277,8.57413431870729,0.01,0.542410164398372,35.72554366863436,0.434,46.0,33
33033,93.60297975657464,74.2259320605218,95.11814131860305,21.209185407677644,0.01000447069034737,0.5525827560292085,22.45169517312314,0.674,82.0,1
33033,16.978910509747376,36.99708883944157,38.45399165842658,73.17637068123622,0.18066990505944866,0.9556591516894334,81.95656656423333,0.712,0.0,32
33033,67.34595677489604,91.48990818048465,5.15172466422086,87.08587720152696,0.8812511337307883,0.6721133933665467,50.96201824190307,0.144,0.0,100
33033,75.70651400641044,60.23384992889157,40.91927515567133,99.44472505483671,0.013849942801861833,0.01,35.699922731285014,0.274,77.0,1
33033,39.42300354534826,28.53474108722788,44.98629525571254,52.7673236326727,0.07926265336378083,0.995416813618695,98.30367951355676,0.81,0.0,47
33033,99.1213639262236,96.11852783034796,51.45915532828825,60.01447872272132,0.010295848034398009,0.010666562586752915,23.843012658158695,0.69,319.0,1
33033,13.228432504842603,5.855207881345003,75.14951431076092,81.0307558058734,0.08159168236857545,0.3357706780703081,95.56341613068231,0.768,0.0,43
33033,100.0,90.61784769919765,100.0,75.62295555320586,0.01,1.0,66.56097717197453,0.891,12.5,12
33033,64.75758010953601,58.41555950830959,70.91432136280545,29.374031071373903,0.01,0.780469116150492,78.85957061760377,0.834,14.0,36
33033,76.65861944811041,63.39921081653229,34.27974762086038,53.96086494537427,0.01,0.01,26.17883453687532,0.458,175.0,1
33033,99.14386952024029,97.95820718282265,100.0,7.02777049283398,0.01,0.11031343570015974,17.2934434782243,0.5640000000000001,150.5,2
33033,99.11327123866913,100.0,48.07602991149491,91.78240410576953,0.01,0.23744759954553527,11.548186658907184,0.636,167.0,1
33033,100.0,100.0,100.0,1.6589439610996717,0.01,0.2794400682129141,11.312840195170825,0.648,162.0,1
33033,13.537709553369796,88.7976953693504,16.888219726095986,100.0,0.01,0.01,35.53136351353594,0.426,66.0,3
33033,75.57473776802831,74.36791854913164,24.71339209274153,12.26689651234015,0.01,0.6421570349977692,26.154457604444094,0.612,44.0,41
33033,30.920593916170002,99.35169296181846,92.63630486785024,88.70655219773181,0.8632882998104253,0.3455552920909735,48.361121155075054,0.068,0.0,100
33033,100.0,77.44036954852227,90.52453300577436,13.275430179386166,0.010248952671626937,0.1216393596067622,12.88041013046968,0.396,137.0,1
33033,42.010391256416824,68.64841656823116,80.25724611074443,42.946714690706536,0.01,0.01,23.76464885437141,0.524,177.0,1
33033,100.0,87.88522137004315,100.0,95.99995867413566,0.01,0.01,30.34874891351779,0.574,216.0,1
33033,89.96351474960586,81.6576641963083,91.5426070363589,1.0,0.01,0.6509843245210797,23.291867368186207,0.682,79.0,1
33033,21.60957052568541,13.640376823683816,7.215804342844997,57.092071790015694,0.01,0.2875801857143574,31.51069032824155,0.504,27.0,1
33033,100.0,100.0,78.70002518301439,100.0,0.01,0.016305548669240544,17.05239328495855,0.52,241.0,1
33033,86.41340919958661,81.91141251859293,100.0,26.63367020099983,0.01,0.6785704255308953,8.345169143421518,0.672,140.0,6
33033,78.46713337625721,47.97147603124804,77.43145891860719,78.01996155726069,0.01,0.6131819177522835,83.85184230334612,0.848,23.0,29
33033,94.84058746855925,30.895097158170486,72.65964567427716,53.21144684277776,0.01,0.02706634872323336,42.575352966564786,0.32,35.0,1
33033,37.21496350938026,38.67881608193479,47.093934710451705,41.17260133907259,0.02008627130084939,0.01,57.85494369457188,0.178,25.5,6
33033,31.8891398303709,96.0921010878472,43.611585937127856,100.0,0.01,0.01,26.045081340801936,0.574,168.0,1
33033,58.06025499447894,77.95667437421575,49.593487590103,83.63625914011844,0.6827084136022203,0.9483008430843316,37.104617865325395,0.088,0.0,100
33033,100.0,100.0,100.0,33.46465123773673,0.01,1.0,9.76313268536581,0.614,122.0,1
33033,73.02835872463186,58.35250088660841,39.911895493289336,50.162823699584656,0.01,0.01,25.682014318266408,0.52,204.0,2
33033,72.0594834702315,78.22266810539296,72.1075305180664,18.435685622263392,0.010035634409310313,0.08731810024202337,20.947659491779696,0.556,113.0,15
33033,44.99398760235567,37.48696055446476,62.442816532305514,19.852795706698764,0.017744511090298776,0.01,52.741450563297825,0.208,42.0,23
33033,71.64173069113103,70.68766869847505,78.664680311575,85.87993150798616,0.01,0.3690296185645631,23.062070505747542,0.7390000000000001,115.5,2
33033,38.902452222857924,17.24273831747268,21.960909141061844,83.23262604785455,0.6616240659013799,0.9199042556267791,55.740828678393584,0.248,0.0,81
33033,58.86967367539853,3.9395789269139634,54.69182973454423,34.758968951110646,0.01,0.13127853534565417,13.458620248685262,0.58,23.0,19
33033,82.30630598690597,67.76041456512324,100.0,1.0,0.01,1.0,99.68102152747235,0.841,64.0,2
33033,65.00123613188305,73.06683856308393,43.94397508515349,30.02977291244626,0.01,0.7296309872942304,44.780323347312,0.514,32.0,2
33033,100.0,90.61630088385519,51.44849415514454,62.22675764362288,0.01,0.048316415222267275,30.814473515646952,0.42,72.0,1
33033,55.5042549435647,60.568551867309104,28.647736164464607,52.44976214456516,0.014638747452328248,0.01,44.99019473203203,0.244,58.0,47
33033,79.41754253149162,100.0,91.21607021437035,4.397429434113173,0.01,0.2593052294985216,36.3944286625858,0.38,47.0,1
33033,73.87246114323297,60.90165569669761,53.0784519214844,53.64553993640254,0.01,0.6146563012684051,21.46405638426583,0.6,60.0,39
33033,36.01712705511337,36.868781336414116,98.24028636054992,40.807541332256235,0.09485342948966337,0.49393035136756447,86.0833465759409,0.734,0.0,73
33033,100.0,100.0,89.52359306976425,4.306849013621381,0.010073431042376216,0.01,24.386675061349138,0.666,198.0,1
33033,40.732520901172684,61.9328574559606,71.10094320646529,100.0,0.01,0.40187349712921866,0.5,0.292,111.0,1
33033,98.4552581236188,100.0,32.24203217957648,67.5901818216382,0.01,1.0,21.065939916827464,0.688,56.0,1
33033,79.48176171858073,93.90414748270585,99.74115705642657,1.0,0.01,0.1300975591958384,42.46222537722616,0.744,92.0,1
33033,96.24237587637818,82.13814253300929,100.0,2.991737380300293,0.01017115447320764,0.01002511135614136,20.53366633360301,0.636,289.0,1
33033,43.78576960323127,55.652938899402976,50.74655124495249,27.52473734321518,0.023917058515826775,0.01,56.11766944086128,0.112,34.0,1
33033,94.77582871995497,92.47387016227884,79.03316853399664,100.0,0.010091856649689526,0.033327963370461455,16.941276838779444,0.276,130.0,1
33033,68.04230769048132,69.68773731166456,79.90591684945373,9.952211329304165,0.02609134754106917,0.01,62.49192597725585,0.21,39.0,1
33033,42.078869115717396,52.56165995812194,100.0,1.0,0.01,0.01,62.56156304992199,0.346,45.0,5
33033,66.77222962564386,87.42585703040791,86.73383789093573,1.0,0.01,0.25707180918051464,66.57259558307959,0.742,35.0,1
33033,50.65349277184796,56.19162029479795,44.22820966920025,31.41846033118052,0.01,0.6330205851806076,100.0,0.927,7.5,14
33033,5.865292653744444,9.692384106132868,38.00764999872459,76.26106698551072,0.05196180974502485,0.4596398544324511,87.36243181111891,0.79,0.0,43
33033,72.18843384385397,52.51035621701798,65.9064894850874,11.057394757678178,0.01,0.08879856605600461,14.470927737662628,0.484,130.0,11
33033,72.24714048342972,56.56620321640087,65.02252040497704,6.757446943843664,0.01,0.28813182088409967,12.79943182685442,0.656,121.0,1
33033,89.11558726328708,46.385852168421465,100.0,97.35799420158435,0.01,0.01,81.33212026640591,0.459,26.5,24
33033,100.0,52.700769498,63.98392532590017,2.220712075386871,0.01,1.0,13.241818523237116,0.716,96.0,1
33033,90.14424234638841,70.30142221472832,26.431642997045177,10.127261380793684,0.01,0.01,31.734171677130014,0.379,94.0,58
33033,23.99789539222457,39.0123457037165,11.85932616302932,100.0,0.01,0.01,39.4616560307987,0.406,66.0,41
33033,100.0,100.0,85.14367903579993,77.57370501982686,0.010525045135261672,1.0,20.381767406396296,0.45,122.0,1
33033,74.0216510357776,57.151515677392645,80.88029432286045,6.7570275002169735,0.01,0.05404870765470028,28.772564703597634,0.554,93.0,5
33033,82.92221768721853,60.05986356895985,24.163730188052945,57.829511567013924,0.011403296510857697,0.05344476912305667,46.06520982046394,0.372,53.0,1
33033,56.35238639202545,97.58855543662825,99.92135450783843,1.0,0.01,0.7844302604685683,7.728000553829216,0.596,122.0,1
33033,67.49294951631668,73.40083658193468,100.0,2.1996910905604183,0.01,0.01,0.5,0.084,35.0,1
33033,73.04661557720827,62.15014957299704,57.45933414752999,1.0,0.01,0.01,24.229463939472872,0.528,204.5,2
33033,100.0,100.0,98.74221864815597,8.882258415446437,0.01,0.9184499215078702,17.279129069175706,0.708,111.0,1
33033,100.0,96.4923839279468,82.81844031841925,35.367796228205336,0.012163078238717102,0.34949087064550477,66.64366072300736,0.756,45.0,3
33033,81.96808663453345,69.70218400555837,86.50032422514418,18.333522268807297,0.01,0.5127905595163214,6.3834463575818,0.528,142.0,1
33033,100.0,73.32200210416225,100.0,7.123591175207309,0.01,0.01,33.750935923447784,0.5,210.0,1
33033,100.0,74.16934565395883,100.0,1.0,0.01,0.01,15.835951100247218,0.576,251.0,1
33033,93.09848178413945,100.0,71.32528952859691,86.743572691421,0.015377539541579303,0.01,51.702078158181976,0.178,40.0,1
33033,100.0,98.6195920439729,100.0,23.348521342488883,0.01,0.7778645547262122,100.0,0.832,50.0,4
33033,100.0,90.01583880400771,78.3486091972773,33.65647180732428,0.011421106290806879,0.01,33.954963343940115,0.29,103.0,31
33033,37.363099328513826,80.9318891693832,2.482929331016554,40.38652442138526,0.017827809945805524,0.1656953986282588,33.97573247017992,0.434,35.0,24
33033,76.04987539649721,87.18125015636882,47.66078731046013,62.04738555541222,0.01,1.0,98.67075674092585,0.942,11.0,13
33033,59.97291609818334,52.83614483005254,78.20668591151203,14.549698432265187,0.01,0.19416566493128992,25.742921432948783,0.486,31.0,1
33033,91.3516274097458,95.87504671659794,36.738548129425624,79.83365279139244,0.010104845886540322,0.040642073445256235,21.620850648602964,0.6,202.0,1
33033,97.82952515483862,73.05461890684434,41.244607026405625,63.31287884727262,0.01,0.02210875752224646,21.94659701483727,0.606,274.0,1
33033,60.57835634240508,80.03321996220805,83.56685503337334,9.556859746134524,0.01,0.24686682478807406,9.859992571700234,0.528,120.0,1
33033,89.51653445542998,57.484168456821834,57.93767919583145,81.55699036566767,0.7572201313912338,0.951292190885435,76.49547517824742,0.368,0.0,49
33033,95.81488416637214,31.101672485088052,49.55479771121748,28.48164160072892,0.01,0.01,34.58793789326078,0.366,75.0,2
33033,96.01919799313481,75.31326382215927,56.42327006095781,39.73838993850334,0.015598564891083525,0.01,26.829181337953166,0.256,95.0,4
33033,85.86217055368526,100.0,92.15443175167289,1.0,0.01,0.013046649495116584,23.357792434452808,0.646,304.0,1
33033,100.0,100.0,89.16515530404835,1.0,0.01,0.01,14.07595493194638,0.638,253.5,2
